date,day_of_week,attendance,meal_type,menu,rain,temperature,holiday,exam,campus_event,previous_consumption,previous_surplus,meals_consumed
2026-01-01,3,423,Dinner,Dal Rice,0,37,0,0,0,542.2000714728102,71.13392852718977,423.0
2026-01-02,4,646,Breakfast,Egg Curry Rice,0,30,0,1,0,423.0,43.0,627.9288021888692
2026-01-03,5,422,Dinner,Chicken Rice,0,37,0,0,0,627.9288021888692,83.07119781113079,419.3983261315906
2026-01-04,6,401,Lunch,Paneer Rice,0,32,0,0,0,419.3983261315906,45.60167386840942,401.0
2026-01-05,0,589,Lunch,Chicken Rice,0,21,0,0,0,401.0,41.0,589.0
2026-01-06,1,472,Breakfast,Chicken Rice,0,28,0,1,0,589.0,59.0,435.20485772164665
2026-01-07,2,611,Breakfast,Dal Rice,0,34,0,1,0,435.20485772164665,84.79514227835335,580.9090875906035
2026-01-08,3,479,Dinner,Chicken Rice,1,32,1,0,0,580.9090875906035,92.09091240939654,445.6545146470743
2026-01-09,4,633,Lunch,Rajma Rice,0,23,1,1,0,445.6545146470743,81.34548535292572,628.6759653290173
2026-01-10,5,576,Breakfast,Rajma Rice,1,22,0,0,0,628.6759653290173,68.32403467098266,516.3426784208555
2026-01-11,6,488,Lunch,Paneer Rice,1,35,0,0,1,516.3426784208555,117.65732157914454,483.041948552449
2026-01-12,0,456,Dinner,Dal Rice,0,31,0,0,0,483.041948552449,53.958051447550986,441.6127329865451
2026-01-13,1,525,Dinner,Paneer Rice,0,31,0,0,0,441.6127329865451,60.3872670134549,525.0
2026-01-14,2,617,Lunch,Egg Curry Rice,1,22,0,0,0,525.0,53.0,617.0
2026-01-15,3,411,Dinner,Dal Rice,0,21,0,1,0,617.0,62.0,383.2782913281352
2026-01-16,4,672,Breakfast,Chicken Rice,0,26,0,0,0,383.2782913281352,69.7217086718648,646.1973889067224
2026-01-17,5,684,Lunch,Rajma Rice,0,27,1,0,0,646.1973889067224,93.80261109327762,643.9015925230462
2026-01-18,6,672,Dinner,Egg Curry Rice,0,30,0,1,0,643.9015925230462,109.09840747695377,672.0
2026-01-19,0,421,Lunch,Rajma Rice,0,22,0,0,0,672.0,68.0,421.0
2026-01-20,1,402,Dinner,Egg Curry Rice,1,25,0,1,0,421.0,43.0,377.84548021817807
2026-01-21,2,646,Breakfast,Egg Curry Rice,1,25,1,1,0,377.84548021817807,65.15451978182193,578.5996786182507
2026-01-22,3,687,Breakfast,Egg Curry Rice,0,25,0,1,0,578.5996786182507,132.40032138174934,648.331091087232
2026-01-23,4,676,Breakfast,Dal Rice,1,37,0,1,0,648.331091087232,107.66890891276796,594.163229131321
2026-01-24,5,554,Lunch,Rajma Rice,0,32,1,0,0,594.163229131321,149.83677086867897,538.6218136877483
2026-01-25,6,617,Dinner,Paneer Rice,0,21,1,0,0,538.6218136877483,71.37818631225173,589.2927898077086
2026-01-26,0,425,Lunch,Rajma Rice,0,37,0,0,0,589.2927898077086,89.70721019229143,425.0
2026-01-27,1,646,Lunch,Rajma Rice,1,28,0,0,0,425.0,43.0,613.6835572459786
2026-01-28,2,687,Lunch,Rajma Rice,1,22,0,0,0,613.6835572459786,97.3164427540214,687.0
2026-01-29,3,660,Breakfast,Chicken Rice,0,35,0,0,0,687.0,69.0,655.2397413998739
2026-01-30,4,545,Dinner,Egg Curry Rice,1,35,0,1,0,655.2397413998739,71.76025860012612,545.0
2026-01-31,5,698,Breakfast,Chicken Rice,1,21,0,0,1,545.0,55.0,678.9188147655863
2026-02-01,6,461,Lunch,Rajma Rice,1,20,0,1,0,678.9188147655863,89.08118523441374,435.03766423612535
2026-02-02,0,599,Dinner,Dal Rice,0,38,0,0,0,435.03766423612535,72.96233576387465,599.0
2026-02-03,1,589,Lunch,Egg Curry Rice,0,35,0,0,0,599.0,60.0,589.0
2026-02-04,2,487,Lunch,Dal Rice,0,29,0,0,0,589.0,59.0,487.0
2026-02-05,3,602,Lunch,Egg Curry Rice,1,29,0,0,0,487.0,49.0,602.0
2026-02-06,4,436,Lunch,Paneer Rice,0,22,0,0,0,602.0,61.0,436.0
2026-02-07,5,568,Lunch,Rajma Rice,1,28,0,0,0,436.0,44.0,568.0
2026-02-08,6,695,Breakfast,Chicken Rice,1,29,0,0,0,568.0,57.0,665.0629035104158
2026-02-09,0,517,Lunch,Chicken Rice,0,30,0,1,0,665.0629035104158,99.93709648958418,517.0
2026-02-10,1,523,Dinner,Rajma Rice,0,23,1,0,0,517.0,52.0,510.9675495627391
2026-02-11,2,549,Lunch,Chicken Rice,0,33,0,0,1,510.9675495627391,65.03245043726088,549.0
2026-02-12,3,613,Dinner,Rajma Rice,0,25,0,0,0,549.0,55.0,613.0
2026-02-13,4,462,Dinner,Egg Curry Rice,0,27,0,0,0,613.0,62.0,462.0
2026-02-14,5,459,Lunch,Chicken Rice,0,38,0,0,0,462.0,47.0,459.0
2026-02-15,6,601,Lunch,Paneer Rice,0,32,0,0,0,459.0,46.0,596.1382661434251
2026-02-16,0,409,Breakfast,Paneer Rice,0,25,0,0,0,596.1382661434251,65.86173385657492,366.8242129633587
2026-02-17,1,464,Lunch,Egg Curry Rice,0,21,1,0,0,366.8242129633587,83.17578703664128,443.43914355295374
2026-02-18,2,499,Breakfast,Dal Rice,0,38,0,1,0,443.43914355295374,67.56085644704626,481.44193128234
2026-02-19,3,644,Dinner,Rajma Rice,1,22,0,0,0,481.44193128234,67.55806871766003,627.0183035612506
2026-02-20,4,676,Lunch,Dal Rice,1,37,0,0,0,627.0183035612506,81.9816964387494,676.0
2026-02-21,5,606,Lunch,Chicken Rice,0,26,1,0,1,676.0,68.0,606.0
2026-02-22,6,431,Breakfast,Dal Rice,1,22,0,0,0,606.0,61.0,394.1006053588282
2026-02-23,0,632,Dinner,Dal Rice,0,35,0,0,0,394.1006053588282,80.8993946411718,632.0
2026-02-24,1,556,Breakfast,Dal Rice,0,27,0,0,0,632.0,64.0,541.8542915234589
2026-02-25,2,618,Lunch,Chicken Rice,0,36,0,1,0,541.8542915234589,70.14570847654113,618.0
2026-02-26,3,526,Dinner,Paneer Rice,0,29,0,0,0,618.0,62.0,526.0
2026-02-27,4,418,Lunch,Rajma Rice,0,21,0,0,0,526.0,53.0,418.0
2026-02-28,5,468,Lunch,Chicken Rice,0,38,1,1,0,418.0,42.0,456.2946543853327
2026-03-01,6,504,Dinner,Egg Curry Rice,1,34,1,0,0,456.2946543853327,58.705345614667294,490.4240616088993
2026-03-02,0,482,Lunch,Chicken Rice,0,32,0,0,0,490.4240616088993,64.57593839110075,482.0
2026-03-03,1,627,Breakfast,Chicken Rice,0,37,0,0,0,482.0,49.0,616.466260458141
2026-03-04,2,567,Breakfast,Rajma Rice,0,29,0,1,0,616.466260458141,73.53373954185895,523.4287828571568
2026-03-05,3,451,Lunch,Egg Curry Rice,1,21,0,0,0,523.4287828571568,100.57121714284324,451.0
2026-03-06,4,622,Breakfast,Paneer Rice,0,32,0,1,0,451.0,46.0,622.0
2026-03-07,5,471,Dinner,Dal Rice,0,36,0,0,0,622.0,63.0,459.4623160557204
2026-03-08,6,465,Dinner,Rajma Rice,1,38,0,0,0,459.4623160557204,59.53768394427959,420.80269427349526
2026-03-09,0,490,Breakfast,Egg Curry Rice,0,29,1,0,0,420.80269427349526,91.19730572650474,443.9470130729911
2026-03-10,1,600,Breakfast,Dal Rice,0,37,0,0,0,443.9470130729911,95.05298692700887,552.185827665771
2026-03-11,2,657,Breakfast,Chicken Rice,0,30,1,0,0,552.185827665771,107.81417233422906,638.6652614525486
2026-03-12,3,649,Lunch,Dal Rice,0,21,0,1,0,638.6652614525486,84.33473854745137,643.064543099532
2026-03-13,4,624,Lunch,Rajma Rice,0,32,0,0,0,643.064543099532,70.93545690046801,624.0
2026-03-14,5,511,Dinner,Rajma Rice,1,21,0,0,0,624.0,63.0,495.0541056782376
2026-03-15,6,424,Lunch,Paneer Rice,0,28,0,0,0,495.0541056782376,67.94589432176241,424.0
2026-03-16,0,622,Dinner,Paneer Rice,1,31,0,0,0,424.0,43.0,614.130854791843
2026-03-17,1,450,Lunch,Egg Curry Rice,0,24,0,0,1,614.130854791843,70.86914520815697,450.0
2026-03-18,2,400,Breakfast,Dal Rice,1,31,0,1,0,450.0,46.0,373.88613167452246
2026-03-19,3,672,Breakfast,Dal Rice,0,30,0,0,0,373.88613167452246,67.11386832547754,643.5725684059657
2026-03-20,4,673,Breakfast,Dal Rice,1,25,1,0,0,643.5725684059657,96.42743159403426,630.2132059385325
2026-03-21,5,518,Dinner,Egg Curry Rice,0,26,0,0,0,630.2132059385325,110.7867940614675,518.0
2026-03-22,6,501,Breakfast,Dal Rice,0,28,0,0,0,518.0,52.0,484.1296157781092
2026-03-23,0,656,Dinner,Egg Curry Rice,0,29,0,0,0,484.1296157781092,67.87038422189084,656.0
2026-03-24,1,432,Dinner,Rajma Rice,0,35,0,0,0,656.0,66.0,429.9862667208316
2026-03-25,2,438,Dinner,Paneer Rice,0,20,1,1,0,429.9862667208316,46.01373327916838,410.2560995583326
2026-03-26,3,469,Breakfast,Dal Rice,0,30,0,1,1,410.2560995583326,71.74390044166739,424.1321500995294
2026-03-27,4,504,Lunch,Dal Rice,0,28,0,0,0,424.1321500995294,91.86784990047062,504.0
2026-03-28,5,478,Lunch,Dal Rice,0,23,0,0,0,504.0,51.0,441.1176070304728
2026-03-29,6,613,Dinner,Paneer Rice,0,31,0,0,0,441.1176070304728,84.88239296952719,598.8556916626402
2026-03-30,0,511,Breakfast,Rajma Rice,1,21,0,0,1,598.8556916626402,76.1443083373598,485.8779018193293
2026-03-31,1,657,Lunch,Egg Curry Rice,1,30,0,0,1,485.8779018193293,77.12209818067066,657.0
2026-04-01,2,462,Dinner,Paneer Rice,1,36,0,0,0,657.0,66.0,450.5608675977225
2026-04-02,3,443,Lunch,Egg Curry Rice,0,25,0,1,0,450.5608675977225,58.43913240227749,443.0
2026-04-03,4,415,Dinner,Rajma Rice,0,31,0,0,0,443.0,45.0,415.0
2026-04-04,5,560,Lunch,Chicken Rice,0,25,0,0,0,415.0,42.0,560.0
2026-04-05,6,657,Lunch,Dal Rice,1,20,0,0,1,560.0,56.0,642.3828762141729
2026-04-06,0,583,Dinner,Chicken Rice,0,20,0,0,0,642.3828762141729,80.61712378582706,583.0
2026-04-07,1,642,Breakfast,Egg Curry Rice,0,32,0,0,1,583.0,59.0,619.3144276989289
2026-04-08,2,504,Dinner,Dal Rice,1,33,0,0,0,619.3144276989289,87.68557230107115,485.1037684684431
2026-04-09,3,669,Dinner,Egg Curry Rice,1,35,0,0,0,485.1037684684431,69.89623153155691,655.816196426326
2026-04-10,4,636,Dinner,Dal Rice,0,35,1,0,0,655.816196426326,80.18380357367403,622.5407486543401
2026-04-11,5,460,Lunch,Chicken Rice,1,29,0,0,0,622.5407486543401,77.45925134565994,460.0
2026-04-12,6,570,Lunch,Chicken Rice,0,22,0,1,0,460.0,47.0,561.6467680727062
2026-04-13,0,590,Lunch,Chicken Rice,0,20,0,0,0,561.6467680727062,65.35323192729379,590.0
2026-04-14,1,683,Lunch,Chicken Rice,1,30,0,0,0,590.0,59.0,680.8931842793677
2026-04-15,2,688,Breakfast,Egg Curry Rice,0,27,0,0,0,680.8931842793677,71.10681572063231,688.0
2026-04-16,3,642,Dinner,Rajma Rice,0,34,0,0,0,688.0,69.0,622.9739857157323
2026-04-17,4,597,Dinner,Paneer Rice,0,36,0,1,0,622.9739857157323,84.02601428426772,597.0
2026-04-18,5,487,Dinner,Egg Curry Rice,0,22,1,1,0,597.0,60.0,473.4579364712186
2026-04-19,6,411,Lunch,Chicken Rice,1,29,0,0,0,473.4579364712186,62.5420635287814,408.5967297618567
2026-04-20,0,402,Breakfast,Chicken Rice,0,35,0,0,0,408.5967297618567,44.40327023814331,381.5149886915191
2026-04-21,1,554,Lunch,Egg Curry Rice,0,36,0,0,0,381.5149886915191,61.48501130848092,554.0
2026-04-22,2,586,Lunch,Chicken Rice,1,27,1,0,1,554.0,56.0,559.5501266015827
2026-04-23,3,617,Lunch,Chicken Rice,1,32,0,1,0,559.5501266015827,85.44987339841725,617.0
2026-04-24,4,447,Breakfast,Paneer Rice,0,32,0,0,0,617.0,62.0,446.4878303997731
2026-04-25,5,698,Breakfast,Egg Curry Rice,0,28,0,0,0,446.4878303997731,45.51216960022691,695.5979618319764
2026-04-26,6,690,Breakfast,Dal Rice,1,22,0,1,0,695.5979618319764,72.40203816802364,591.9080233008484
2026-04-27,0,605,Lunch,Rajma Rice,0,31,0,0,1,591.9080233008484,168.0919766991516,605.0
2026-04-28,1,687,Dinner,Egg Curry Rice,1,23,0,1,0,605.0,61.0,646.2678544761579
2026-04-29,2,654,Breakfast,Dal Rice,0,31,0,0,0,646.2678544761579,109.73214552384206,610.4447371327332
2026-04-30,3,642,Breakfast,Paneer Rice,1,30,0,0,0,610.4447371327332,109.55526286726683,618.4585283358592
2026-05-01,4,484,Breakfast,Dal Rice,0,20,0,0,0,618.4585283358592,88.54147166414077,470.0301812366703
2026-05-02,5,484,Breakfast,Egg Curry Rice,0,27,0,1,0,470.0301812366703,62.96981876332973,476.9465583364672
2026-05-03,6,596,Lunch,Dal Rice,0,26,0,1,0,476.9465583364672,56.0534416635328,588.6013969847027
2026-05-04,0,690,Dinner,Chicken Rice,0,35,0,1,0,588.6013969847027,67.39860301529734,690.0
2026-05-05,1,558,Lunch,Chicken Rice,0,30,0,0,0,690.0,70.0,558.0
2026-05-06,2,414,Dinner,Egg Curry Rice,0,27,0,1,1,558.0,56.0,414.0
2026-05-07,3,543,Lunch,Egg Curry Rice,1,28,1,0,0,414.0,42.0,514.9645790634887
2026-05-08,4,622,Lunch,Chicken Rice,0,32,0,0,0,514.9645790634887,83.03542093651129,622.0
2026-05-09,5,517,Breakfast,Egg Curry Rice,0,20,0,0,0,622.0,63.0,510.949924878631
2026-05-10,6,561,Dinner,Paneer Rice,0,22,0,0,0,510.949924878631,58.05007512136899,561.0
2026-05-11,0,456,Dinner,Rajma Rice,0,38,0,1,0,561.0,57.0,432.9598202527802
2026-05-12,1,510,Lunch,Egg Curry Rice,1,29,0,0,0,432.9598202527802,69.04017974721978,502.1171650066404
2026-05-13,2,500,Lunch,Egg Curry Rice,0,36,0,1,0,502.1171650066404,58.88283499335961,500.0
2026-05-14,3,671,Dinner,Paneer Rice,0,21,1,0,1,500.0,50.0,645.0737701599742
2026-05-15,4,657,Lunch,Paneer Rice,0,20,0,0,0,645.0737701599742,93.92622984002584,657.0
2026-05-16,5,512,Dinner,Paneer Rice,1,29,0,0,1,657.0,66.0,512.0
2026-05-17,6,603,Breakfast,Egg Curry Rice,0,24,0,0,0,512.0,52.0,561.5962212285697
2026-05-18,0,641,Lunch,Rajma Rice,0,35,0,0,0,561.5962212285697,102.40377877143032,641.0
2026-05-19,1,564,Lunch,Paneer Rice,0,37,1,0,1,641.0,65.0,564.0
2026-05-20,2,419,Dinner,Dal Rice,1,27,0,0,0,564.0,57.0,412.0851657310666
2026-05-21,3,508,Lunch,Rajma Rice,0,20,0,0,0,412.0851657310666,48.91483426893342,507.2730685128336
2026-05-22,4,461,Breakfast,Rajma Rice,1,29,1,0,0,507.2730685128336,51.72693148716644,401.196883729304
2026-05-23,5,570,Lunch,Egg Curry Rice,0,21,0,0,0,401.196883729304,106.80311627069602,570.0
2026-05-24,6,414,Lunch,Paneer Rice,0,22,1,0,0,570.0,57.0,406.65136781771616
2026-05-25,0,597,Dinner,Paneer Rice,1,24,0,0,0,406.65136781771616,49.34863218228384,597.0
2026-05-26,1,605,Lunch,Rajma Rice,1,27,0,0,0,597.0,60.0,603.7876475292895
2026-05-27,2,468,Dinner,Chicken Rice,0,31,0,0,0,603.7876475292895,62.21235247071047,463.0889554499751
2026-05-28,3,678,Breakfast,Egg Curry Rice,1,36,0,0,0,463.0889554499751,51.91104455002488,661.0601637082186
2026-05-29,4,409,Breakfast,Egg Curry Rice,1,35,0,0,0,661.0601637082186,84.93983629178138,409.0
2026-05-30,5,678,Lunch,Egg Curry Rice,0,27,0,0,0,409.0,41.0,678.0
2026-05-31,6,634,Dinner,Rajma Rice,1,27,0,0,0,678.0,68.0,628.5222195717818
2026-06-01,0,624,Dinner,Paneer Rice,0,27,0,0,0,628.5222195717818,69.47778042821824,624.0
2026-06-02,1,657,Dinner,Chicken Rice,0,28,0,1,0,624.0,63.0,657.0
2026-06-03,2,616,Lunch,Egg Curry Rice,0,23,0,1,0,657.0,66.0,616.0
2026-06-04,3,494,Dinner,Paneer Rice,0,38,0,0,0,616.0,62.0,494.0
2026-06-05,4,571,Lunch,Chicken Rice,0,34,0,0,0,494.0,50.0,571.0
2026-06-06,5,611,Lunch,Egg Curry Rice,0,27,1,0,0,571.0,58.0,600.6260376718742
2026-06-07,6,665,Lunch,Egg Curry Rice,0,36,1,1,0,600.6260376718742,72.3739623281258,654.3570200656285
2026-06-08,0,564,Breakfast,Dal Rice,0,25,0,0,0,654.3570200656285,77.64297993437151,540.4892226674554
2026-06-09,1,583,Breakfast,Egg Curry Rice,0,33,0,0,0,540.4892226674554,80.51077733254465,551.6338060954305
2026-06-10,2,456,Lunch,Dal Rice,1,28,0,1,0,551.6338060954305,90.36619390456951,444.177142788952
2026-06-11,3,418,Lunch,Egg Curry Rice,0,28,0,0,0,444.177142788952,57.82285721104796,418.0
2026-06-12,4,498,Lunch,Paneer Rice,0,37,0,0,1,418.0,42.0,498.0
2026-06-13,5,434,Dinner,Dal Rice,0,27,0,0,0,498.0,50.0,420.3616374068099
2026-06-14,6,673,Dinner,Paneer Rice,0,33,0,0,0,420.3616374068099,57.638362593190095,673.0
2026-06-15,0,677,Lunch,Dal Rice,0,30,0,0,0,673.0,68.0,671.5600302589382
2026-06-16,1,434,Breakfast,Egg Curry Rice,0,26,0,0,0,671.5600302589382,73.43996974106176,423.92265905674776
2026-06-17,2,687,Lunch,Chicken Rice,0,38,0,0,0,423.92265905674776,54.07734094325224,687.0
2026-06-18,3,554,Dinner,Dal Rice,0,34,0,0,0,687.0,69.0,542.6836413432156
2026-06-19,4,557,Breakfast,Dal Rice,0,28,0,0,0,542.6836413432156,67.31635865678436,548.0945921960488
2026-06-20,5,618,Breakfast,Rajma Rice,1,23,1,0,0,548.0945921960488,64.90540780395122,555.4589397164872
2026-06-21,6,626,Dinner,Rajma Rice,1,37,0,1,0,555.4589397164872,124.54106028351282,573.3911984012515
2026-06-22,0,576,Lunch,Paneer Rice,1,38,0,0,0,573.3911984012515,115.60880159874851,576.0
2026-06-23,1,471,Lunch,Dal Rice,1,31,0,0,0,576.0,58.0,448.1634848731637
2026-06-24,2,491,Dinner,Rajma Rice,1,26,0,0,0,448.1634848731637,70.83651512683628,446.26892588636576
2026-06-25,3,568,Breakfast,Paneer Rice,0,38,1,0,0,446.26892588636576,94.73107411363424,531.7067670149556
2026-06-26,4,523,Dinner,Chicken Rice,0,25,0,0,0,531.7067670149556,93.29323298504436,523.0
2026-06-27,5,505,Lunch,Egg Curry Rice,0,23,0,0,0,523.0,53.0,505.0
2026-06-28,6,455,Lunch,Egg Curry Rice,0,36,0,1,0,505.0,51.0,452.61740685472125
2026-06-29,0,685,Lunch,Rajma Rice,0,20,0,0,0,452.61740685472125,48.38259314527875,685.0
2026-06-30,1,542,Breakfast,Paneer Rice,0,24,0,0,0,685.0,69.0,504.16066763373567
2026-07-01,2,400,Lunch,Rajma Rice,0,35,0,0,0,504.16066763373567,92.83933236626432,400.0
2026-07-02,3,617,Breakfast,Chicken Rice,0,32,1,0,1,400.0,41.0,588.201678478978
2026-07-03,4,560,Breakfast,Rajma Rice,0,31,0,0,0,588.201678478978,90.798321521022,549.2989512256622
2026-07-04,5,540,Lunch,Rajma Rice,0,35,0,0,0,549.2989512256622,66.70104877433778,540.0
2026-07-05,6,621,Lunch,Chicken Rice,0,27,0,1,1,540.0,54.0,621.0
2026-07-06,0,526,Dinner,Rajma Rice,0,26,0,0,0,621.0,63.0,526.0
2026-07-07,1,494,Lunch,Chicken Rice,0,38,1,0,0,526.0,53.0,486.9909301118127
2026-07-08,2,652,Lunch,Paneer Rice,1,33,0,0,0,486.9909301118127,57.0090698881873,652.0
2026-07-09,3,579,Lunch,Egg Curry Rice,0,25,0,0,0,652.0,66.0,579.0
2026-07-10,4,691,Lunch,Chicken Rice,0,36,0,0,0,579.0,58.0,691.0
2026-07-11,5,590,Lunch,Chicken Rice,0,37,1,0,0,691.0,70.0,590.0
2026-07-12,6,488,Dinner,Chicken Rice,0,33,0,1,0,590.0,59.0,468.5464054032328
2026-07-13,0,531,Breakfast,Egg Curry Rice,0,25,0,0,0,468.5464054032328,68.45359459676718,531.0
2026-07-14,1,438,Breakfast,Dal Rice,0,37,0,0,0,531.0,54.0,400.8559628915357
2026-07-15,2,628,Dinner,Paneer Rice,0,29,0,0,0,400.8559628915357,81.14403710846432,628.0
2026-07-16,3,654,Lunch,Rajma Rice,0,22,0,0,1,628.0,63.0,654.0
2026-07-17,4,461,Breakfast,Egg Curry Rice,0,37,0,0,0,654.0,66.0,461.0
2026-07-18,5,667,Lunch,Dal Rice,0,29,0,0,0,461.0,47.0,667.0
2026-07-19,6,647,Dinner,Rajma Rice,1,34,0,0,0,667.0,67.0,622.4616095247043
2026-07-20,0,493,Breakfast,Dal Rice,0,34,0,0,0,622.4616095247043,89.53839047529573,480.7243219132346
2026-07-21,1,697,Lunch,Rajma Rice,0,36,0,0,0,480.7243219132346,62.27567808676537,688.5058253869691
2026-07-22,2,695,Dinner,Dal Rice,0,28,0,0,0,688.5058253869691,78.49417461303085,695.0
2026-07-23,3,595,Dinner,Rajma Rice,0,37,1,0,0,695.0,70.0,577.0028350145019
2026-07-24,4,541,Dinner,Paneer Rice,0,28,1,0,0,577.0028350145019,77.9971649854981,529.410419165896
2026-07-25,5,618,Breakfast,Chicken Rice,0,32,0,0,0,529.410419165896,66.58958083410403,617.3789074242953
2026-07-26,6,464,Lunch,Paneer Rice,0,20,0,1,0,617.3789074242953,62.621092575704665,455.4208514273996
2026-07-27,0,403,Breakfast,Egg Curry Rice,1,29,1,0,1,455.4208514273996,55.579148572600445,332.713472424718
2026-07-28,1,482,Dinner,Dal Rice,1,30,0,0,0,332.713472424718,111.28652757528198,482.0
2026-07-29,2,510,Dinner,Dal Rice,0,24,0,1,0,482.0,49.0,510.0
2026-07-30,3,612,Dinner,Dal Rice,0,20,0,1,0,510.0,51.0,572.3365639432551
2026-07-31,4,550,Breakfast,Egg Curry Rice,0,31,0,1,0,572.3365639432551,101.6634360567449,543.4557655433445
2026-08-01,5,644,Lunch,Paneer Rice,0,27,1,1,0,543.4557655433445,61.544234456655545,614.8667688546336
2026-08-02,6,626,Lunch,Egg Curry Rice,0,29,0,1,0,614.8667688546336,94.13323114536638,617.0796388656491
2026-08-03,0,629,Lunch,Egg Curry Rice,1,24,0,0,1,617.0796388656491,71.92036113435086,629.0
2026-08-04,1,585,Breakfast,Rajma Rice,1,37,0,0,0,629.0,63.0,548.0208939264363
2026-08-05,2,463,Breakfast,Egg Curry Rice,0,35,0,0,0,548.0208939264363,95.97910607356368,458.8802154264636
2026-08-06,3,429,Dinner,Dal Rice,0,24,1,0,0,458.8802154264636,51.11978457353644,388.3762578997968
2026-08-07,4,648,Breakfast,Egg Curry Rice,1,33,0,0,0,388.3762578997968,83.62374210020323,630.7779438916
2026-08-08,5,631,Breakfast,Rajma Rice,1,34,0,0,0,630.7779438916,82.22205610840001,573.5716522546874
2026-08-09,6,681,Dinner,Dal Rice,1,35,0,0,0,573.5716522546874,121.42834774531264,627.2073101272298
2026-08-10,0,520,Breakfast,Paneer Rice,1,21,0,0,1,627.2073101272298,122.7926898727702,458.7682668992824
2026-08-11,1,678,Breakfast,Rajma Rice,0,36,0,0,0,458.7682668992824,113.23173310071758,646.1998876893283
2026-08-12,2,597,Dinner,Egg Curry Rice,0,32,0,0,0,646.1998876893283,99.8001123106717,583.0872966619714
2026-08-13,3,552,Dinner,Chicken Rice,1,26,0,0,0,583.0872966619714,73.91270333802856,552.0
2026-08-14,4,634,Lunch,Chicken Rice,0,37,0,0,0,552.0,56.0,634.0
2026-08-15,5,410,Breakfast,Egg Curry Rice,1,25,0,0,0,634.0,64.0,388.3964709558033
2026-08-16,6,602,Dinner,Dal Rice,1,22,0,0,0,388.3964709558033,63.60352904419671,572.1489987404723
2026-08-17,0,561,Breakfast,Dal Rice,0,27,0,0,0,572.1489987404723,90.85100125952772,533.532680209438
2026-08-18,1,514,Breakfast,Egg Curry Rice,0,32,0,0,0,533.532680209438,84.46731979056199,494.057456256288
2026-08-19,2,571,Dinner,Dal Rice,0,24,0,1,0,494.057456256288,71.94254374371201,547.3011966621792
2026-08-20,3,478,Dinner,Dal Rice,1,27,0,0,0,547.3011966621792,81.69880333782078,448.240743515132
2026-08-21,4,507,Lunch,Dal Rice,1,37,0,0,0,448.240743515132,77.75925648486805,495.36724112772544
2026-08-22,5,471,Breakfast,Paneer Rice,0,32,0,1,0,495.36724112772544,62.632758872274565,453.0076576234927
2026-08-23,6,686,Dinner,Chicken Rice,0,29,0,0,0,453.0076576234927,65.99234237650728,681.0095698716018
2026-08-24,0,540,Dinner,Dal Rice,1,31,0,0,0,681.0095698716018,73.9904301283982,487.8074265172786
2026-08-25,1,672,Dinner,Paneer Rice,0,31,0,0,0,487.8074265172786,106.1925734827214,666.2150503255127
2026-08-26,2,685,Lunch,Dal Rice,0,25,0,0,0,666.2150503255127,73.78494967448728,685.0
2026-08-27,3,666,Breakfast,Egg Curry Rice,0,28,0,0,0,685.0,69.0,661.0514499848216
2026-08-28,4,692,Lunch,Egg Curry Rice,0,24,0,0,0,661.0514499848216,71.9485500151784,692.0
2026-08-29,5,404,Breakfast,Dal Rice,0,29,0,0,0,692.0,70.0,378.546741662228
2026-08-30,6,468,Lunch,Dal Rice,1,25,0,0,0,378.546741662228,66.45325833777201,426.89835751096666
2026-08-31,0,677,Dinner,Rajma Rice,0,20,0,0,0,426.89835751096666,88.10164248903334,671.3371952929542
2026-09-01,1,501,Lunch,Egg Curry Rice,1,21,0,1,0,671.3371952929542,73.66280470704578,501.0
2026-09-02,2,675,Lunch,Paneer Rice,1,37,0,0,1,501.0,51.0,675.0
2026-09-03,3,672,Dinner,Dal Rice,0,25,0,0,0,675.0,68.0,662.8989113459847
2026-09-04,4,506,Dinner,Dal Rice,1,25,0,0,0,662.8989113459847,77.10108865401526,506.0
2026-09-05,5,452,Dinner,Paneer Rice,0,37,0,0,0,506.0,51.0,452.0
2026-09-06,6,479,Breakfast,Paneer Rice,0,33,0,1,0,452.0,46.0,434.7341512938049
2026-09-07,0,575,Breakfast,Rajma Rice,0,30,0,0,0,434.7341512938049,92.26584870619509,559.0688360345005
2026-09-08,1,525,Lunch,Rajma Rice,1,34,1,0,0,559.0688360345005,73.93116396549954,490.5481049217228
2026-09-09,2,589,Lunch,Paneer Rice,0,24,0,0,1,490.5481049217228,87.45189507827718,589.0
2026-09-10,3,564,Lunch,Rajma Rice,0,22,1,0,0,589.0,59.0,547.1960826214942
2026-09-11,4,562,Dinner,Chicken Rice,0,26,0,0,0,547.1960826214942,73.80391737850584,562.0
2026-09-12,5,520,Lunch,Egg Curry Rice,0,31,0,1,0,562.0,57.0,520.0
2026-09-13,6,556,Breakfast,Rajma Rice,0,23,0,0,0,520.0,52.0,484.99572757478734
2026-09-14,0,434,Breakfast,Rajma Rice,1,27,1,0,1,484.99572757478734,127.00427242521266,377.88618664743575
2026-09-15,1,414,Dinner,Paneer Rice,0,29,0,0,0,377.88618664743575,100.11381335256424,394.785302860796
2026-09-16,2,438,Breakfast,Paneer Rice,1,31,0,0,0,394.785302860796,61.21469713920402,405.2543837242403
2026-09-17,3,630,Breakfast,Chicken Rice,0,34,1,0,0,405.2543837242403,76.74561627575969,598.0750025871176
2026-09-18,4,682,Breakfast,Dal Rice,0,22,0,0,0,598.0750025871176,94.92499741288236,674.7267169092912
2026-09-19,5,450,Dinner,Chicken Rice,0,30,0,1,0,674.7267169092912,76.27328309070879,449.69211857817606
2026-09-20,6,614,Dinner,Chicken Rice,0,31,0,0,0,449.69211857817606,46.307881421823936,614.0
2026-09-21,0,698,Lunch,Chicken Rice,0,25,0,0,0,614.0,62.0,698.0
2026-09-22,1,689,Lunch,Rajma Rice,0,35,0,1,0,698.0,70.0,656.6563533029052
2026-09-23,2,486,Lunch,Dal Rice,0,36,0,1,0,656.6563533029052,101.34364669709475,479.79030024842393
2026-09-24,3,467,Breakfast,Dal Rice,0,34,0,0,0,479.79030024842393,55.20969975157607,430.8297395716162
2026-09-25,4,682,Breakfast,Chicken Rice,0,28,0,1,0,430.8297395716162,83.17026042838376,674.675430022794
2026-09-26,5,569,Breakfast,Dal Rice,1,30,0,0,0,674.675430022794,76.32456997720601,526.1406602032691
2026-09-27,6,455,Lunch,Paneer Rice,1,36,0,0,0,526.1406602032691,99.85933979673086,426.7138381153957
2026-09-28,0,603,Lunch,Dal Rice,0,31,0,0,0,426.7138381153957,74.28616188460427,603.0
2026-09-29,1,629,Dinner,Paneer Rice,0,25,0,0,0,603.0,61.0,625.3571916223667
2026-09-30,2,453,Lunch,Egg Curry Rice,0,25,0,0,1,625.3571916223667,66.64280837763329,453.0
2026-10-01,3,601,Lunch,Chicken Rice,0,30,0,0,0,453.0,46.0,601.0
2026-10-02,4,602,Dinner,Dal Rice,1,27,0,0,0,601.0,61.0,553.4822211285634
2026-10-03,5,561,Dinner,Chicken Rice,0,22,1,0,0,553.4822211285634,109.51777887143658,550.671638448063
2026-10-04,6,592,Dinner,Paneer Rice,0,38,0,1,0,550.671638448063,67.32836155193695,558.8202610455803
2026-10-05,0,448,Lunch,Dal Rice,0,35,0,0,0,558.8202610455803,93.17973895441968,448.0
2026-10-06,1,515,Breakfast,Paneer Rice,0,38,0,1,0,448.0,45.0,486.3786727082523
2026-10-07,2,551,Breakfast,Chicken Rice,0,24,0,1,0,486.3786727082523,80.62132729174772,539.9733500043527
2026-10-08,3,444,Lunch,Dal Rice,0,31,0,1,0,539.9733500043527,67.02664999564729,433.7817800252635
2026-10-09,4,456,Dinner,Rajma Rice,0,24,0,1,0,433.7817800252635,55.218219974736485,456.0
2026-10-10,5,589,Lunch,Egg Curry Rice,1,36,0,0,0,456.0,46.0,589.0
2026-10-11,6,636,Lunch,Rajma Rice,1,20,0,0,0,589.0,59.0,627.0498289527209
2026-10-12,0,409,Lunch,Paneer Rice,1,25,0,0,0,627.0498289527209,72.95017104727913,409.0
2026-10-13,1,640,Lunch,Dal Rice,1,36,0,0,0,409.0,41.0,627.9072297393358
2026-10-14,2,431,Breakfast,Egg Curry Rice,1,36,0,0,0,627.9072297393358,76.09277026066422,400.7767222866989
2026-10-15,3,567,Lunch,Dal Rice,0,34,0,0,0,400.7767222866989,74.22327771330112,567.0
2026-10-16,4,475,Breakfast,Paneer Rice,0,24,0,0,0,567.0,57.0,475.0
2026-10-17,5,602,Lunch,Rajma Rice,0,32,0,0,0,475.0,48.0,602.0
2026-10-18,6,650,Lunch,Rajma Rice,0,23,0,1,0,602.0,61.0,622.5512739510818
2026-10-19,0,475,Breakfast,Chicken Rice,0,31,0,0,0,622.5512739510818,93.44872604891816,462.9764600859121
2026-10-20,1,638,Lunch,Dal Rice,0,31,0,1,0,462.9764600859121,60.02353991408791,638.0
2026-10-21,2,647,Breakfast,Paneer Rice,0,30,1,0,0,638.0,64.0,627.5348450251157
2026-10-22,3,637,Lunch,Chicken Rice,0,20,0,0,0,627.5348450251157,84.46515497488429,637.0
2026-10-23,4,451,Dinner,Dal Rice,0,25,0,0,0,637.0,64.0,451.0
2026-10-24,5,532,Lunch,Chicken Rice,0,34,0,0,1,451.0,46.0,532.0
2026-10-25,6,623,Dinner,Paneer Rice,0,36,0,0,0,532.0,54.0,607.5733986158706
2026-10-26,0,558,Breakfast,Chicken Rice,0,27,0,1,0,607.5733986158706,78.42660138412941,508.32218413463056
2026-10-27,1,633,Dinner,Egg Curry Rice,0,28,0,0,0,508.32218413463056,105.67781586536944,633.0
2026-10-28,2,531,Breakfast,Paneer Rice,0,28,0,0,0,633.0,64.0,515.7771701254386
2026-10-29,3,456,Breakfast,Chicken Rice,0,24,0,0,0,515.7771701254386,69.2228298745614,438.55624627635206
2026-10-30,4,655,Lunch,Egg Curry Rice,0,29,0,0,0,438.55624627635206,63.44375372364794,655.0
2026-10-31,5,698,Lunch,Chicken Rice,1,25,0,0,1,655.0,66.0,693.8351322287803
2026-11-01,6,585,Dinner,Egg Curry Rice,0,37,0,0,0,693.8351322287803,74.16486777121975,573.7012968153124
2026-11-02,0,662,Lunch,Dal Rice,0,29,1,1,0,573.7012968153124,70.29870318468761,633.3637003373149
2026-11-03,1,427,Breakfast,Rajma Rice,0,37,0,0,0,633.3637003373149,95.63629966268512,369.9660794308234
2026-11-04,2,590,Breakfast,Dal Rice,1,33,0,0,0,369.9660794308234,100.03392056917652,576.9741068422161
2026-11-05,3,660,Dinner,Paneer Rice,0,28,0,0,1,576.9741068422161,72.02589315778391,653.9711962646048
2026-11-06,4,670,Breakfast,Dal Rice,0,29,0,0,0,653.9711962646048,73.02880373539517,670.0
2026-11-07,5,655,Breakfast,Dal Rice,1,26,0,0,0,670.0,68.0,618.1386688491577
2026-11-08,6,645,Breakfast,Dal Rice,0,24,1,0,0,618.1386688491577,102.86133115084226,562.5897136153264
2026-11-09,0,650,Dinner,Egg Curry Rice,1,26,1,1,0,562.5897136153264,147.41028638467355,617.0145087349575
2026-11-10,1,438,Breakfast,Dal Rice,1,20,0,0,0,617.0145087349575,98.98549126504248,407.1471758452907
2026-11-11,2,640,Breakfast,Egg Curry Rice,1,30,0,0,1,407.1471758452907,74.85282415470931,629.0752809761537
2026-11-12,3,517,Lunch,Paneer Rice,0,26,0,0,0,629.0752809761537,74.92471902384625,517.0
2026-11-13,4,564,Breakfast,Chicken Rice,0,28,0,1,0,517.0,52.0,557.4470952171938
2026-11-14,5,546,Dinner,Paneer Rice,0,28,0,1,0,557.4470952171938,63.5529047828062,520.5002338126828
2026-11-15,6,409,Lunch,Chicken Rice,0,32,0,0,0,520.5002338126828,80.49976618731716,409.0
2026-11-16,0,480,Breakfast,Egg Curry Rice,1,32,0,0,0,409.0,41.0,449.0056210656328
2026-11-17,1,425,Breakfast,Dal Rice,1,24,0,0,0,449.0056210656328,78.9943789343672,372.5140416770888
2026-11-18,2,676,Lunch,Rajma Rice,1,31,0,0,0,372.5140416770888,95.48595832291124,658.7534534403962
2026-11-19,3,608,Dinner,Paneer Rice,0,20,0,0,0,658.7534534403962,85.24654655960376,584.1358077177706
2026-11-20,4,571,Lunch,Rajma Rice,0,31,0,0,0,584.1358077177706,84.8641922822294,542.9672950913944
2026-11-21,5,442,Breakfast,Rajma Rice,0,26,0,0,0,542.9672950913944,86.03270490860564,409.5980098620895
2026-11-22,6,467,Lunch,Egg Curry Rice,0,28,0,0,0,409.5980098620895,77.4019901379105,445.67740134394296
2026-11-23,0,586,Breakfast,Egg Curry Rice,0,28,0,0,0,445.67740134394296,68.32259865605704,565.2353207546383
2026-11-24,1,502,Dinner,Chicken Rice,1,29,0,0,0,565.2353207546383,79.76467924536166,502.0
2026-11-25,2,411,Breakfast,Dal Rice,1,32,0,0,0,502.0,51.0,373.19588770740114
2026-11-26,3,583,Lunch,Rajma Rice,0,29,0,0,1,373.19588770740114,79.80411229259886,583.0
2026-11-27,4,449,Dinner,Egg Curry Rice,0,22,1,0,0,583.0,59.0,440.6809288009114
2026-11-28,5,577,Breakfast,Dal Rice,0,35,0,0,0,440.6809288009114,53.31907119908857,542.2620402938327
2026-11-29,6,560,Lunch,Chicken Rice,0,25,0,0,0,542.2620402938327,92.73795970616732,549.0532705929977
2026-11-30,0,559,Lunch,Dal Rice,1,20,0,0,0,549.0532705929977,66.9467294070023,531.859080615521
2026-12-01,1,536,Dinner,Egg Curry Rice,0,23,0,0,0,531.859080615521,83.14091938447905,536.0
2026-12-02,2,543,Lunch,Rajma Rice,1,26,0,0,0,536.0,54.0,543.0
2026-12-03,3,583,Breakfast,Chicken Rice,1,27,0,0,0,543.0,55.0,558.794613571761
2026-12-04,4,461,Breakfast,Egg Curry Rice,0,29,0,0,0,558.794613571761,83.20538642823897,443.8876904575096
2026-12-05,5,571,Lunch,Paneer Rice,0,30,0,0,0,443.8876904575096,64.11230954249038,571.0
2026-12-06,6,562,Breakfast,Egg Curry Rice,0,37,0,0,0,571.0,58.0,554.9621873382969
2026-12-07,0,532,Lunch,Chicken Rice,0,33,0,0,0,554.9621873382969,64.03781266170313,528.3267177734149
2026-12-08,1,686,Dinner,Chicken Rice,0,30,0,0,0,528.3267177734149,57.67328222658512,686.0
2026-12-09,2,456,Dinner,Egg Curry Rice,0,27,0,0,0,686.0,69.0,456.0
2026-12-10,3,681,Breakfast,Egg Curry Rice,0,25,0,1,0,456.0,46.0,660.3848377423817
2026-12-11,4,575,Lunch,Chicken Rice,1,25,0,0,0,660.3848377423817,89.6151622576183,575.0
2026-12-12,5,571,Lunch,Rajma Rice,0,24,1,0,0,575.0,58.0,571.0
2026-12-13,6,479,Lunch,Egg Curry Rice,0,37,0,0,0,571.0,58.0,479.0
2026-12-14,0,672,Breakfast,Rajma Rice,1,24,0,0,0,479.0,48.0,650.921301295201
2026-12-15,1,493,Lunch,Rajma Rice,0,27,0,0,0,650.921301295201,89.07869870479897,493.0
2026-12-16,2,684,Dinner,Egg Curry Rice,0,33,0,0,1,493.0,50.0,684.0
2026-12-17,3,436,Dinner,Paneer Rice,0,36,0,0,0,684.0,69.0,436.0
2026-12-18,4,552,Lunch,Paneer Rice,0,38,0,0,0,436.0,44.0,552.0
2026-12-19,5,638,Lunch,Dal Rice,0,28,0,0,0,552.0,56.0,638.0
2026-12-20,6,453,Dinner,Egg Curry Rice,1,25,1,1,0,638.0,64.0,419.3146136283048
2026-12-21,0,630,Dinner,Egg Curry Rice,0,33,0,0,0,419.3146136283048,79.68538637169519,630.0
2026-12-22,1,476,Breakfast,Dal Rice,0,27,0,1,1,630.0,63.0,433.8591251350087
2026-12-23,2,605,Lunch,Paneer Rice,0,23,0,0,0,433.8591251350087,90.1408748649913,605.0
2026-12-24,3,672,Breakfast,Dal Rice,1,26,0,0,0,605.0,61.0,641.8196685069734
2026-12-25,4,428,Breakfast,Paneer Rice,0,22,0,0,0,641.8196685069734,98.18033149302664,395.0653347796341
2026-12-26,5,694,Dinner,Rajma Rice,1,24,0,1,0,395.0653347796341,75.93466522036596,684.1972570793299
2026-12-27,6,623,Dinner,Rajma Rice,0,23,0,0,0,684.1972570793299,79.80274292067008,601.5395453928217
2026-12-28,0,590,Breakfast,Chicken Rice,0,37,1,0,0,601.5395453928217,84.46045460717835,539.2844970647963
2026-12-29,1,663,Lunch,Chicken Rice,1,22,0,0,0,539.2844970647963,109.71550293520374,660.473256419601
2026-12-30,2,601,Breakfast,Egg Curry Rice,0,33,0,1,1,660.473256419601,69.52674358039906,584.2819595019225
2026-12-31,3,463,Breakfast,Dal Rice,0,22,0,1,0,584.2819595019225,77.71804049807747,432.6950896234873
2027-01-01,4,437,Dinner,Dal Rice,0,22,0,0,0,432.6950896234873,77.30491037651268,437.0
2027-01-02,5,540,Dinner,Rajma Rice,0,37,0,0,0,437.0,44.0,522.7694084721533
2027-01-03,6,597,Breakfast,Chicken Rice,0,31,0,0,0,522.7694084721533,71.23059152784674,565.2225694830415
2027-01-04,0,478,Lunch,Paneer Rice,1,21,1,0,0,565.2225694830415,91.77743051695847,465.9262109549686
2027-01-05,1,609,Dinner,Paneer Rice,0,21,0,0,0,465.9262109549686,60.07378904503139,604.7025114042731
2027-01-06,2,514,Breakfast,Egg Curry Rice,1,23,1,0,1,604.7025114042731,65.29748859572692,472.993063881593
2027-01-07,3,547,Lunch,Egg Curry Rice,0,38,0,0,0,472.993063881593,93.006936118407,547.0
2027-01-08,4,555,Dinner,Chicken Rice,0,20,1,0,0,547.0,55.0,544.0569828425735
2027-01-09,5,613,Lunch,Paneer Rice,1,37,0,0,0,544.0569828425735,66.94301715742654,613.0
2027-01-10,6,531,Lunch,Chicken Rice,0,31,0,0,0,613.0,62.0,531.0
2027-01-11,0,657,Breakfast,Chicken Rice,1,26,0,0,0,531.0,54.0,615.6595074436426
2027-01-12,1,622,Dinner,Rajma Rice,0,20,0,0,0,615.6595074436426,107.3404925563574,610.4647948217395
2027-01-13,2,578,Breakfast,Dal Rice,1,21,1,1,0,610.4647948217395,74.53520517826053,512.6987318280349
2027-01-14,3,667,Lunch,Dal Rice,0,25,0,0,0,512.6987318280349,123.30126817196516,661.456926498938
2027-01-15,4,560,Dinner,Paneer Rice,0,22,1,1,0,661.456926498938,72.54307350106205,545.8513364018211
2027-01-16,5,553,Lunch,Dal Rice,0,34,0,1,0,545.8513364018211,70.14866359817893,529.8233104847982
2027-01-17,6,527,Lunch,Paneer Rice,0,27,0,0,0,529.8233104847982,79.17668951520182,527.0
2027-01-18,0,676,Lunch,Chicken Rice,0,35,0,0,0,527.0,53.0,676.0
2027-01-19,1,560,Breakfast,Paneer Rice,1,30,0,0,0,676.0,68.0,525.5753251270283
2027-01-20,2,632,Dinner,Paneer Rice,0,32,0,0,0,525.5753251270283,90.42467487297164,632.0
2027-01-21,3,626,Breakfast,Chicken Rice,1,32,0,0,0,632.0,64.0,599.2102191778409
2027-01-22,4,471,Dinner,Paneer Rice,1,31,0,0,1,599.2102191778409,89.78978082215906,462.07458317259903
2027-01-23,5,681,Breakfast,Paneer Rice,1,22,0,0,0,462.07458317259903,56.925416827400966,649.8357194372255
2027-01-24,6,468,Dinner,Egg Curry Rice,1,21,0,1,0,649.8357194372255,100.16428056277448,440.6920614378222
2027-01-25,0,508,Lunch,Paneer Rice,0,21,0,0,0,440.6920614378222,74.30793856217781,508.0
2027-01-26,1,405,Lunch,Rajma Rice,0,28,1,0,0,508.0,51.0,369.1912784703176
2027-01-27,2,449,Breakfast,Dal Rice,0,27,0,0,0,369.1912784703176,76.80872152968237,441.1803019502471
2027-01-28,3,534,Breakfast,Paneer Rice,0,31,0,0,0,441.1803019502471,52.8196980497529,514.3413397724188
2027-01-29,4,609,Dinner,Egg Curry Rice,0,30,0,0,0,514.3413397724188,73.65866022758121,609.0
2027-01-30,5,538,Breakfast,Rajma Rice,0,29,1,0,0,609.0,61.0,476.1961127335241
2027-01-31,6,498,Lunch,Rajma Rice,0,21,0,0,0,476.1961127335241,115.8038872664759,476.6965899373295
2027-02-01,0,497,Lunch,Egg Curry Rice,0,20,0,0,1,476.6965899373295,71.30341006267054,491.3896335411876
2027-02-02,1,594,Breakfast,Chicken Rice,0,29,0,0,1,491.3896335411876,55.61036645881239,567.1466976967109
2027-02-03,2,693,Breakfast,Rajma Rice,1,24,0,1,0,567.1466976967109,86.85330230328907,649.1914948464633
2027-02-04,3,414,Lunch,Paneer Rice,0,27,1,1,0,649.1914948464633,113.80850515353666,405.812282766584
2027-02-05,4,441,Breakfast,Dal Rice,0,33,1,0,0,405.812282766584,50.18771723341604,405.886526069733
2027-02-06,5,565,Dinner,Dal Rice,1,32,0,0,0,405.886526069733,80.11347393026699,544.160438141341
2027-02-07,6,406,Breakfast,Egg Curry Rice,1,34,0,0,0,544.160438141341,77.83956185865895,342.78039964508054
2027-02-08,0,478,Lunch,Egg Curry Rice,0,22,0,0,0,342.78039964508054,104.21960035491946,478.0
2027-02-09,1,675,Dinner,Paneer Rice,0,29,0,0,0,478.0,48.0,668.4168385535553
2027-02-10,2,658,Dinner,Rajma Rice,0,29,0,0,0,668.4168385535553,74.5831614464447,658.0
2027-02-11,3,600,Lunch,Chicken Rice,0,28,0,0,1,658.0,66.0,600.0
2027-02-12,4,540,Breakfast,Paneer Rice,0,24,0,1,0,600.0,60.0,514.1956221874283
2027-02-13,5,435,Lunch,Chicken Rice,1,38,0,1,0,514.1956221874283,79.80437781257172,435.0
2027-02-14,6,655,Dinner,Paneer Rice,0,32,0,0,0,435.0,44.0,643.6456872308268
2027-02-15,0,442,Dinner,Chicken Rice,0,23,0,0,0,643.6456872308268,77.35431276917325,442.0
2027-02-16,1,569,Breakfast,Rajma Rice,1,25,1,0,0,442.0,45.0,505.3976187169856
2027-02-17,2,650,Lunch,Egg Curry Rice,1,35,0,0,0,505.3976187169856,120.60238128301438,650.0
2027-02-18,3,565,Lunch,Chicken Rice,1,37,0,0,0,650.0,66.0,565.0
2027-02-19,4,690,Lunch,Rajma Rice,1,24,0,0,0,565.0,57.0,674.6226482815017
2027-02-20,5,678,Lunch,Egg Curry Rice,0,23,0,0,0,674.6226482815017,85.37735171849829,678.0
2027-02-21,6,459,Breakfast,Paneer Rice,0,24,0,0,0,678.0,68.0,442.00411697257294
2027-02-22,0,485,Breakfast,Rajma Rice,0,32,1,0,0,442.00411697257294,62.995883027427055,449.42874711226506
2027-02-23,1,500,Lunch,Dal Rice,0,36,0,0,0,449.42874711226506,84.57125288773494,500.0
2027-02-24,2,419,Lunch,Chicken Rice,1,32,0,0,0,500.0,50.0,419.0
2027-02-25,3,587,Lunch,Egg Curry Rice,0,35,0,0,0,419.0,42.0,587.0
2027-02-26,4,480,Breakfast,Rajma Rice,0,24,1,0,0,587.0,59.0,438.27814507309375
2027-02-27,5,408,Dinner,Egg Curry Rice,0,25,0,0,0,438.27814507309375,89.72185492690625,408.0
2027-02-28,6,555,Lunch,Rajma Rice,0,38,0,1,0,408.0,41.0,516.2640065650157
2027-03-01,0,442,Dinner,Egg Curry Rice,0,23,0,0,0,516.2640065650157,94.73599343498428,431.3753396402757
2027-03-02,1,555,Lunch,Rajma Rice,0,23,0,0,0,431.3753396402757,55.62466035972426,555.0
2027-03-03,2,546,Lunch,Chicken Rice,0,23,0,0,0,555.0,56.0,546.0
2027-03-04,3,686,Dinner,Rajma Rice,0,30,0,0,0,546.0,55.0,676.2836001589712
2027-03-05,4,413,Dinner,Dal Rice,0,21,0,0,0,676.2836001589712,78.71639984102876,413.0
2027-03-06,5,687,Breakfast,Egg Curry Rice,0,29,0,0,0,413.0,42.0,687.0
2027-03-07,6,517,Dinner,Chicken Rice,0,21,0,0,1,687.0,69.0,517.0
2027-03-08,0,613,Dinner,Rajma Rice,0,25,0,0,0,517.0,52.0,603.5459381717377
2027-03-09,1,493,Dinner,Chicken Rice,1,30,0,0,0,603.5459381717377,71.4540618282623,458.1130859752653
2027-03-10,2,572,Dinner,Paneer Rice,1,27,1,0,0,458.1130859752653,84.88691402473472,517.7456837522817
2027-03-11,3,688,Lunch,Rajma Rice,0,22,1,1,0,517.7456837522817,112.2543162477183,651.2192010507546
2027-03-12,4,683,Breakfast,Paneer Rice,0,21,0,0,0,651.2192010507546,105.78079894924542,673.0020091603776
2027-03-13,5,676,Lunch,Egg Curry Rice,1,24,0,1,0,673.0020091603776,78.99799083962239,676.0
2027-03-14,6,554,Lunch,Rajma Rice,0,29,1,0,0,676.0,68.0,540.7116063457585
2027-03-15,0,535,Breakfast,Egg Curry Rice,0,35,0,0,0,540.7116063457585,69.28839365424153,497.74895877425774
2027-03-16,1,512,Dinner,Chicken Rice,1,29,0,1,0,497.74895877425774,91.25104122574226,471.7093784908468
2027-03-17,2,651,Breakfast,Egg Curry Rice,1,37,0,1,0,471.7093784908468,92.29062150915324,609.1526210628294
2027-03-18,3,495,Lunch,Dal Rice,0,21,0,0,0,609.1526210628294,107.84737893717056,495.0
2027-03-19,4,654,Lunch,Rajma Rice,0,26,0,0,0,495.0,50.0,654.0
2027-03-20,5,404,Breakfast,Paneer Rice,1,33,0,0,0,654.0,66.0,382.81683136031023
2027-03-21,6,656,Breakfast,Egg Curry Rice,1,29,1,1,0,382.81683136031023,62.18316863968977,598.7200948154755
2027-03-22,0,533,Lunch,Rajma Rice,0,32,0,0,0,598.7200948154755,123.27990518452452,533.0
2027-03-23,1,572,Dinner,Paneer Rice,0,21,0,0,0,533.0,54.0,572.0
2027-03-24,2,401,Breakfast,Egg Curry Rice,1,27,0,0,0,572.0,58.0,362.715275256575
2027-03-25,3,654,Dinner,Egg Curry Rice,0,31,1,1,0,362.715275256575,79.28472474342499,617.1768486596008
2027-03-26,4,680,Lunch,Chicken Rice,0,23,1,0,1,617.1768486596008,102.82315134039924,680.0
2027-03-27,5,485,Lunch,Paneer Rice,0,21,0,0,0,680.0,69.0,485.0
2027-03-28,6,495,Dinner,Paneer Rice,0,28,0,1,0,485.0,49.0,464.2358025405762
2027-03-29,0,405,Breakfast,Egg Curry Rice,0,23,0,0,0,464.2358025405762,80.76419745942383,378.6197878630225
2027-03-30,1,453,Breakfast,Paneer Rice,1,31,1,1,0,378.6197878630225,67.38021213697749,389.9077502152088
2027-03-31,2,488,Breakfast,Egg Curry Rice,1,31,0,0,0,389.9077502152088,109.09224978479124,471.4572917949452
2027-04-01,3,481,Breakfast,Rajma Rice,1,27,0,0,0,471.4572917949452,65.54270820505485,443.1407140901275
2027-04-02,4,436,Lunch,Egg Curry Rice,0,20,0,0,0,443.1407140901275,86.85928590987248,436.0
2027-04-03,5,432,Breakfast,Chicken Rice,0,21,0,0,0,436.0,44.0,418.0850721629063
2027-04-04,6,689,Lunch,Dal Rice,0,30,0,0,0,418.0850721629063,57.91492783709373,684.327983211802
2027-04-05,0,616,Lunch,Egg Curry Rice,0,30,1,0,0,684.327983211802,73.672016788198,616.0
2027-04-06,1,408,Lunch,Chicken Rice,1,35,0,0,0,616.0,62.0,408.0
2027-04-07,2,413,Dinner,Egg Curry Rice,1,35,1,0,0,408.0,41.0,406.0456020790172
2027-04-08,3,525,Dinner,Paneer Rice,0,22,0,0,0,406.0456020790172,48.95439792098284,522.0074419798102
2027-04-09,4,618,Lunch,Rajma Rice,0,32,0,0,0,522.0074419798102,55.99255802018979,615.6986940214754
2027-04-10,5,517,Lunch,Rajma Rice,0,37,1,0,0,615.6986940214754,64.30130597852462,517.0
2027-04-11,6,658,Lunch,Paneer Rice,0,33,0,0,0,517.0,52.0,644.1995353450383
2027-04-12,0,538,Lunch,Rajma Rice,0,34,0,1,0,644.1995353450383,79.80046465496173,523.3994459313476
2027-04-13,1,406,Breakfast,Paneer Rice,0,35,0,0,0,523.3994459313476,68.6005540686524,391.91739422804346
2027-04-14,2,494,Lunch,Chicken Rice,1,25,0,1,0,391.91739422804346,55.08260577195654,494.0
2027-04-15,3,648,Lunch,Chicken Rice,1,20,0,0,0,494.0,50.0,624.6034816838597
2027-04-16,4,612,Lunch,Rajma Rice,0,36,0,1,1,624.6034816838597,88.39651831614026,601.6991541733332
2027-04-17,5,658,Breakfast,Chicken Rice,1,22,0,0,0,601.6991541733332,72.30084582666677,617.1285894143806
2027-04-18,6,624,Lunch,Chicken Rice,0,29,0,0,0,617.1285894143806,106.8714105856194,624.0
2027-04-19,0,686,Lunch,Paneer Rice,1,33,0,0,0,624.0,63.0,681.7482479227214
2027-04-20,1,634,Lunch,Chicken Rice,1,38,0,0,0,681.7482479227214,73.25175207727864,634.0
2027-04-21,2,525,Lunch,Rajma Rice,0,34,0,1,1,634.0,64.0,525.0
2027-04-22,3,681,Breakfast,Rajma Rice,0,27,0,0,0,525.0,53.0,642.0630529301008
2027-04-23,4,583,Dinner,Chicken Rice,0,35,0,0,0,642.0630529301008,107.93694706989923,583.0
2027-04-24,5,441,Dinner,Paneer Rice,0,29,0,1,0,583.0,59.0,441.0
2027-04-25,6,478,Dinner,Dal Rice,0,30,0,0,0,441.0,45.0,456.6759912535092
2027-04-26,0,419,Breakfast,Dal Rice,0,25,1,0,0,456.6759912535092,69.32400874649085,361.0587001337898
2027-04-27,1,657,Lunch,Dal Rice,0,22,0,0,0,361.0587001337898,99.94129986621022,657.0
2027-04-28,2,423,Lunch,Rajma Rice,0,35,0,0,1,657.0,66.0,414.4277981193917
2027-04-29,3,610,Dinner,Egg Curry Rice,0,21,0,0,0,414.4277981193917,51.57220188060836,610.0
2027-04-30,4,473,Dinner,Rajma Rice,1,24,1,0,0,610.0,61.0,468.50787393300857
2027-05-01,5,671,Lunch,Egg Curry Rice,0,28,0,0,0,468.50787393300857,52.49212606699143,671.0
2027-05-02,6,435,Breakfast,Paneer Rice,0,23,0,1,0,671.0,68.0,413.83435075806767
2027-05-03,0,612,Lunch,Dal Rice,0,35,0,0,0,413.83435075806767,65.16564924193233,612.0
2027-05-04,1,556,Dinner,Rajma Rice,1,37,0,0,0,612.0,62.0,534.8119812833982
2027-05-05,2,564,Dinner,Dal Rice,0,38,0,1,0,534.8119812833982,77.18801871660185,561.9791785500738
2027-05-06,3,591,Breakfast,Dal Rice,0,26,0,0,1,561.9791785500738,59.02082144992619,589.1148012910338
2027-05-07,4,552,Dinner,Chicken Rice,0,25,1,1,1,589.1148012910338,61.885198708966186,552.0
2027-05-08,5,686,Lunch,Chicken Rice,1,29,0,0,0,552.0,56.0,686.0
2027-05-09,6,646,Breakfast,Dal Rice,0,23,0,1,0,686.0,69.0,575.2206783628943
2027-05-10,0,471,Dinner,Dal Rice,1,30,1,1,0,575.2206783628943,135.77932163710568,437.846803511823
2027-05-11,1,466,Dinner,Rajma Rice,0,28,0,0,0,437.846803511823,81.153196488177,431.0848255868249
2027-05-12,2,658,Breakfast,Paneer Rice,0,22,0,0,0,431.0848255868249,81.91517441317507,626.7331886403203
2027-05-13,3,685,Breakfast,Chicken Rice,0,21,0,0,0,626.7331886403203,97.26681135967964,685.0
2027-05-14,4,674,Breakfast,Paneer Rice,0,29,0,0,0,685.0,69.0,665.2123698955527
2027-05-15,5,511,Dinner,Dal Rice,0,26,0,0,0,665.2123698955527,76.78763010444732,508.5019817399602
2026-08-24,2,600,Lunch,Chicken Rice,1,28,0,0,0,570.0,30.0,555.0
2026-08-24,2,600,Lunch,Chicken Rice,1,28,0,0,0,570.0,30.0,555.0
